index,item_name,video_occurrences,audio_occurrences,workflow_format,ui_workflow_file,api_workflow_file,prompt_file,source_sha256
1,ALPHA-T1_00007_.mp4,1,1,ui+api,workflows/ui/01-ALPHA-T1_00007_.workflow.json,workflows/api/01-ALPHA-T1_00007_.api.json,prompts/01-ALPHA-T1_00007_.txt,829c41e1c4d09a4e9b19e09835ac53a692235f0b69e955bb8af12a8bef51ec3d
2,ALPHA-T1_00033_.mp4,1,1,ui+api,workflows/ui/02-ALPHA-T1_00033_.workflow.json,workflows/api/02-ALPHA-T1_00033_.api.json,prompts/02-ALPHA-T1_00033_.txt,322242a91479041c3c802f2c0046efca2ae8d5dc1cb152e2ea5086ea1b15e059
3,ALPHA-T1_00042_.mp4,1,1,ui+api,workflows/ui/03-ALPHA-T1_00042_.workflow.json,workflows/api/03-ALPHA-T1_00042_.api.json,prompts/03-ALPHA-T1_00042_.txt,88d5642bcfbf7fb95e9c1768145394a6c7bc5ce9af06cfe886d2da80d0e0f345
4,ALPHA-T1_00043_.mp4,1,1,ui+api,workflows/ui/04-ALPHA-T1_00043_.workflow.json,workflows/api/04-ALPHA-T1_00043_.api.json,prompts/04-ALPHA-T1_00043_.txt,b8512586bb87bd1844035f4b59cfcd7b9b6596071f60d050ddead6a56c159a5b
5,ALPHA-T1_00056_.mp4,2,2,ui+api,workflows/ui/05-ALPHA-T1_00056_.workflow.json,workflows/api/05-ALPHA-T1_00056_.api.json,prompts/05-ALPHA-T1_00056_.txt,1d844efd00205117e08164ddf5e717e64681c4e72067b4641c1d5399539d53b4
6,ALPHA-T1_00060_.mp4,1,1,ui+api,workflows/ui/06-ALPHA-T1_00060_.workflow.json,workflows/api/06-ALPHA-T1_00060_.api.json,prompts/06-ALPHA-T1_00060_.txt,7377b77129ec0f93b144058efe4d1ffcecc47cc848ecb3aaf298f4b00b4ad8d4
7,ALPHA-T1_00079_.mp4,1,1,ui+api,workflows/ui/07-ALPHA-T1_00079_.workflow.json,workflows/api/07-ALPHA-T1_00079_.api.json,prompts/07-ALPHA-T1_00079_.txt,0340286a2a9e2792a4d04c746f8f3743ee34130fd7aa6f4b3275164b370e097d
8,ALPHA-T1_00087_.mp4,1,1,ui+api,workflows/ui/08-ALPHA-T1_00087_.workflow.json,workflows/api/08-ALPHA-T1_00087_.api.json,prompts/08-ALPHA-T1_00087_.txt,0f527e82cb9a0523799647f57eb1fcbfee05d6212d4ad618e28d079a5fe0eb93
9,ALPHA-T1_00089_.mp4,1,1,ui+api,workflows/ui/09-ALPHA-T1_00089_.workflow.json,workflows/api/09-ALPHA-T1_00089_.api.json,prompts/09-ALPHA-T1_00089_.txt,86e89db97fb9bead478f0422a9f9f161ba33a7070b451d6a75f85cada2f7c929
10,ALPHA-T1_00093_.mp4,1,1,ui+api,workflows/ui/10-ALPHA-T1_00093_.workflow.json,workflows/api/10-ALPHA-T1_00093_.api.json,prompts/10-ALPHA-T1_00093_.txt,08a637fe001192c8dc758d6bd9a102257a9ae348aca27838509c283b8c5fba1d
11,ALPHA-T1_00111_.mp4,1,1,ui+api,workflows/ui/11-ALPHA-T1_00111_.workflow.json,workflows/api/11-ALPHA-T1_00111_.api.json,prompts/11-ALPHA-T1_00111_.txt,00b28aed67ba70855f1b0144ccc1b0224001a8a88c809424a5d6445ff16510e7
12,Backlot_h3auto_s01_quiet_please_pairSLAM_t14_1280x704_00001_.mp4,1,1,api-only,,workflows/api/12-Backlot_h3auto_s01_quiet_please_pairSLAM_t14_1280x704_00001_.api.json,prompts/12-Backlot_h3auto_s01_quiet_please_pairSLAM_t14_1280x704_00001_.txt,3e9db24a29358e84206b34888126219400b020f94e854a5a0ff40be7bdf00e62
13,Backlot_h3auto_s01_quiet_please_pairSLAM_t15_1280x704_00001_.mp4,1,1,api-only,,workflows/api/13-Backlot_h3auto_s01_quiet_please_pairSLAM_t15_1280x704_00001_.api.json,prompts/13-Backlot_h3auto_s01_quiet_please_pairSLAM_t15_1280x704_00001_.txt,307160ef476d0b462143f90a44ee292755162c028a8e5ba2e46d5c4c1f4f0a34
14,Backlot_h3auto_s02_girl_in_the_rainy_lot_pairSLAM_t14_1056x608_00001_.mp4,1,1,api-only,,workflows/api/14-Backlot_h3auto_s02_girl_in_the_rainy_lot_pairSLAM_t14_1056x608_00001_.api.json,prompts/14-Backlot_h3auto_s02_girl_in_the_rainy_lot_pairSLAM_t14_1056x608_00001_.txt,3cc2b6993925b392ec5f9e6cd07278e1d2a9e9b6011d9ce3b952c6fa8331a2e3
15,Backlot_h3auto_s02_girl_in_the_rainy_lot_pairSLAM_t16_1280x704_00001_.mp4,3,3,api-only,,workflows/api/15-Backlot_h3auto_s02_girl_in_the_rainy_lot_pairSLAM_t16_1280x704_00001_.api.json,prompts/15-Backlot_h3auto_s02_girl_in_the_rainy_lot_pairSLAM_t16_1280x704_00001_.txt,3e7768dc4a493812bd7cad0e66dddede226085c8547ec7e3ab54b1951dd48e70
16,Backlot_h3auto_s06_the_assailant_waist_down_pairSCRAPE_t10_1056x608_00001_.mp4,8,6,api-only,,workflows/api/16-Backlot_h3auto_s06_the_assailant_waist_down_pairSCRAPE_t10_1056x608_00001_.api.json,prompts/16-Backlot_h3auto_s06_the_assailant_waist_down_pairSCRAPE_t10_1056x608_00001_.txt,b3915d84e880a66ec2997a61e222d00c7d4cec401c8a97754aab0f83e7f34fca
17,Backlot_h3auto_s07_that_sounds_great_pairSCRAPE_t08_1056x608_00001_.mp4,1,1,api-only,,workflows/api/17-Backlot_h3auto_s07_that_sounds_great_pairSCRAPE_t08_1056x608_00001_.api.json,prompts/17-Backlot_h3auto_s07_that_sounds_great_pairSCRAPE_t08_1056x608_00001_.txt,eb01d1a269a0025a387cce1dfec2aa8fa6cb3e79679263588c1c7d5ede44b4e6
18,Backlot_h3auto_s08_someone_please_t13_1280x704_00001_.mp4,4,2,api-only,,workflows/api/18-Backlot_h3auto_s08_someone_please_t13_1280x704_00001_.api.json,prompts/18-Backlot_h3auto_s08_someone_please_t13_1280x704_00001_.txt,ebdcc68cfecb8edc2a92334c5a9750518344ec1ff2650531e32451d010c3582b
19,Backlot_h3auto_s09_boots_in_the_rain_pairBOOTS_t10_1056x608_00001_.mp4,3,3,api-only,,workflows/api/19-Backlot_h3auto_s09_boots_in_the_rain_pairBOOTS_t10_1056x608_00001_.api.json,prompts/19-Backlot_h3auto_s09_boots_in_the_rain_pairBOOTS_t10_1056x608_00001_.txt,8f39a1dfd6d58d88aca85d2c93670a6baaec34c96c3592982ca23bf57a2439d2
20,Backlot_h3auto_s10a_let_me_in_exterior_pairPOUND_t11_1056x608_00001_.mp4,1,1,api-only,,workflows/api/20-Backlot_h3auto_s10a_let_me_in_exterior_pairPOUND_t11_1056x608_00001_.api.json,prompts/20-Backlot_h3auto_s10a_let_me_in_exterior_pairPOUND_t11_1056x608_00001_.txt,ed203c54c33bdcdd2f410d5b46ff8555aea7af18fa13f90cd9d8f650544f61a9
21,Backlot_h3auto_s10a_let_me_in_exterior_pairPOUND_t12_1056x608_00001_.mp4,4,4,api-only,,workflows/api/21-Backlot_h3auto_s10a_let_me_in_exterior_pairPOUND_t12_1056x608_00001_.api.json,prompts/21-Backlot_h3auto_s10a_let_me_in_exterior_pairPOUND_t12_1056x608_00001_.txt,8c4e53afc99e9cd79d1fd5c99b13d451536715f6cfe3e25514832b05e9affbc2
22,Backlot_h3auto_s10b_the_ruined_take_interior_pairPOUND_t08_1056x608_00001_.mp4,1,1,api-only,,workflows/api/22-Backlot_h3auto_s10b_the_ruined_take_interior_pairPOUND_t08_1056x608_00001_.api.json,prompts/22-Backlot_h3auto_s10b_the_ruined_take_interior_pairPOUND_t08_1056x608_00001_.txt,cf66c11958d662003b36095dc4f40aaaad234afd5e0a30b3c9107dae34bf1f26
23,Backlot_h3auto_s10b_the_ruined_take_interior_pairPOUND_t12_1056x608_00001_.mp4,2,2,api-only,,workflows/api/23-Backlot_h3auto_s10b_the_ruined_take_interior_pairPOUND_t12_1056x608_00001_.api.json,prompts/23-Backlot_h3auto_s10b_the_ruined_take_interior_pairPOUND_t12_1056x608_00001_.txt,971885792a868dd2a1b70dae109c35e541e7a8c5219c74566336bac927d31f70
24,Backlot_h3auto_s11_red_light_off_pairDOOR_t09_1056x608_00001_.mp4,1,1,api-only,,workflows/api/24-Backlot_h3auto_s11_red_light_off_pairDOOR_t09_1056x608_00001_.api.json,prompts/24-Backlot_h3auto_s11_red_light_off_pairDOOR_t09_1056x608_00001_.txt,de5305fe84797a9e541988850c42eb276103ff03c308da24aa9d312dfe2a84f3
25,Backlot_h3auto_s11_red_light_off_pairDOOR_t11_1056x608_00001_.mp4,3,3,api-only,,workflows/api/25-Backlot_h3auto_s11_red_light_off_pairDOOR_t11_1056x608_00001_.api.json,prompts/25-Backlot_h3auto_s11_red_light_off_pairDOOR_t11_1056x608_00001_.txt,8919bd52c8d0626114c8efb712eedbec8da87a5fa7d4863c447105298c284a2d
26,Backlot_h3auto_s12_door_opens_exterior_bridge_exterior_pairFINALE_t21_1056x608_00001_.mp4,2,2,api-only,,workflows/api/26-Backlot_h3auto_s12_door_opens_exterior_bridge_exterior_pairFINALE_t21_1056x608_00001_.api.json,prompts/26-Backlot_h3auto_s12_door_opens_exterior_bridge_exterior_pairFINALE_t21_1056x608_00001_.txt,686278ce45244c527b41d9d2f32b9f2235c6b72af1e9415311efca31fa86925c
27,Backlot_h3auto_s2.5_run_through_the_backlot_t03_1056x608_00001_.mp4,2,1,api-only,,workflows/api/27-Backlot_h3auto_s2.5_run_through_the_backlot_t03_1056x608_00001_.api.json,prompts/27-Backlot_h3auto_s2.5_run_through_the_backlot_t03_1056x608_00001_.txt,985f91f9fb5fa976757a9818585de24d1020a24dfd84cc421cf04070148440c0
28,Backlot_h3auto_s8.5_door_pounding_interior_foley_t07_1056x608_00001_.mp4,2,2,api-only,,workflows/api/28-Backlot_h3auto_s8.5_door_pounding_interior_foley_t07_1056x608_00001_.api.json,prompts/28-Backlot_h3auto_s8.5_door_pounding_interior_foley_t07_1056x608_00001_.txt,dda4195474d5140bc22befab2bcaa28ae4362c78e908ff87c5f66295b09827aa
29,Backlot_h3auto_s07_that_sounds_great_pairSCRAPE_t06_960x544_00001_.mp4,3,3,api-only,,workflows/api/29-Backlot_h3auto_s07_that_sounds_great_pairSCRAPE_t06_960x544_00001_.api.json,prompts/29-Backlot_h3auto_s07_that_sounds_great_pairSCRAPE_t06_960x544_00001_.txt,51955bbba47bf0b86063a31c48e8dac1627574795eb732045cbe54741414bc50
30,MiniMax_H3_00046_.mp4,3,1,ui+api,workflows/ui/30-MiniMax_H3_00046_.workflow.json,workflows/api/30-MiniMax_H3_00046_.api.json,prompts/30-MiniMax_H3_00046_.txt,7acbd8841f13a62bc620f125fd07a1a9a29a784d1f4683bc2b94913567f1cef1
31,MiniMax_H3_00054_.mp4,4,4,ui+api,workflows/ui/31-MiniMax_H3_00054_.workflow.json,workflows/api/31-MiniMax_H3_00054_.api.json,prompts/31-MiniMax_H3_00054_.txt,a22f66a123447184c04b927b7e549ba661ae127a5f6d2aed92ef0f9601b58823
