status,item_name,video_track,video_timeline_start_frame,video_duration_frames,video_source_in_frame,video_sync_origin_frame,matched_audio_track,audio_timeline_start_frame,audio_duration_frames,audio_source_in_frame,audio_sync_origin_frame,source_offset_delta_frames,source_offset_delta_seconds,video_frames_covered_by_same_source_aligned_audio,crossfade_edge_handoff_frames,video_frames_covered_by_any_native_audio,video_frames_without_native_audio,media_path
PASS_SYNCED_FULL_COVERAGE,Backlot_h3auto_s02_girl_in_the_rainy_lot_pairSLAM_t16_1280x704_00001_.mp4,2,86400.0,16.0,0.0,86400.0,2,86400.0,22.0,0.0,86400.0,0.0,0.0,16.0,0.0,16.0,0.0,media/final-sources/Backlot_h3auto_s02_girl_in_the_rainy_lot_pairSLAM_t16_1280x704_00001_.mp4
PASS_SYNCED_FULL_COVERAGE,ALPHA-T1_00111_.mp4,1,86416.0,31.0,16.0,86400.0,1,86400.0,66.0,0.0,86400.0,0.0,0.0,31.0,0.0,31.0,0.0,media/final-sources/ALPHA-T1_00111_.mp4
PASS_SYNCED_FULL_COVERAGE,Backlot_h3auto_s02_girl_in_the_rainy_lot_pairSLAM_t16_1280x704_00001_.mp4,2,86447.0,19.0,3.0,86444.0,2,86444.0,22.0,0.0,86444.0,0.0,0.0,19.0,0.0,19.0,0.0,media/final-sources/Backlot_h3auto_s02_girl_in_the_rainy_lot_pairSLAM_t16_1280x704_00001_.mp4
PASS_SYNCED_FULL_COVERAGE,Backlot_h3auto_s01_quiet_please_pairSLAM_t14_1280x704_00001_.mp4,1,86466.0,21.0,66.0,86400.0,1,86466.0,98.0,66.0,86400.0,0.0,0.0,21.0,0.0,21.0,0.0,media/final-sources/Backlot_h3auto_s01_quiet_please_pairSLAM_t14_1280x704_00001_.mp4
PASS_SYNCED_FULL_COVERAGE,Backlot_h3auto_s02_girl_in_the_rainy_lot_pairSLAM_t16_1280x704_00001_.mp4,2,86487.0,77.0,24.0,86463.0,2,86467.0,118.0,4.0,86463.0,0.0,0.0,77.0,0.0,77.0,0.0,media/final-sources/Backlot_h3auto_s02_girl_in_the_rainy_lot_pairSLAM_t16_1280x704_00001_.mp4
PASS_SYNCED_FULL_COVERAGE,MiniMax_H3_00054_.mp4,1,86564.0,34.0,61.0,86503.0,1,86564.0,62.0,61.0,86503.0,0.0,0.0,34.0,0.0,34.0,0.0,media/final-sources/MiniMax_H3_00054_.mp4
PASS_SYNCED_FULL_COVERAGE,Backlot_h3auto_s2.5_run_through_the_backlot_t03_1056x608_00001_.mp4,2,86598.0,38.0,14.0,86584.0,2,86585.0,174.0,1.0,86584.0,0.0,0.0,38.0,0.0,38.0,0.0,media/final-sources/Backlot_h3auto_s2.5_run_through_the_backlot_t03_1056x608_00001_.mp4
PASS_SYNCED_FULL_COVERAGE,Backlot_h3auto_s07_that_sounds_great_pairSCRAPE_t06_960x544_00001_.mp4,1,86636.0,21.0,0.0,86636.0,1,86636.0,21.0,0.0,86636.0,0.0,0.0,21.0,0.0,21.0,0.0,media/final-sources/Backlot_h3auto_s07_that_sounds_great_pairSCRAPE_t06_960x544_00001_.mp4
PASS_SYNCED_FULL_COVERAGE,Backlot_h3auto_s2.5_run_through_the_backlot_t03_1056x608_00001_.mp4,2,86657.0,43.0,73.0,86584.0,2,86585.0,174.0,1.0,86584.0,0.0,0.0,43.0,0.0,43.0,0.0,media/final-sources/Backlot_h3auto_s2.5_run_through_the_backlot_t03_1056x608_00001_.mp4
PASS_SYNCED_FULL_COVERAGE,MiniMax_H3_00054_.mp4,1,86700.0,26.0,6.0,86694.0,1,86700.0,59.0,6.0,86694.0,0.0,0.0,26.0,0.0,26.0,0.0,media/final-sources/MiniMax_H3_00054_.mp4
PASS_SYNCED_FULL_COVERAGE,MiniMax_H3_00046_.mp4,3,86726.0,55.0,33.0,86693.0,3,86713.0,152.0,20.0,86693.0,0.0,0.0,55.0,0.0,55.0,0.0,media/final-sources/MiniMax_H3_00046_.mp4
PASS_SYNCED_FULL_COVERAGE,MiniMax_H3_00054_.mp4,1,86781.0,20.0,105.0,86676.0,1,86759.0,80.0,83.0,86676.0,0.0,0.0,20.0,0.0,20.0,0.0,media/final-sources/MiniMax_H3_00054_.mp4
PASS_SYNCED_FULL_COVERAGE,MiniMax_H3_00046_.mp4,3,86801.0,27.0,108.0,86693.0,3,86713.0,152.0,20.0,86693.0,0.0,0.0,27.0,0.0,27.0,0.0,media/final-sources/MiniMax_H3_00046_.mp4
PASS_SYNCED_FULL_COVERAGE,MiniMax_H3_00054_.mp4,2,86828.0,11.0,164.0,86664.0,2,86822.0,17.0,158.0,86664.0,0.0,0.0,11.0,0.0,11.0,0.0,media/final-sources/MiniMax_H3_00054_.mp4
PASS_SYNCED_CROSSFADE_EDGE,MiniMax_H3_00046_.mp4,3,86839.0,29.0,146.0,86693.0,3,86713.0,152.0,20.0,86693.0,0.0,0.0,26.0,3.0,29.0,0.0,media/final-sources/MiniMax_H3_00046_.mp4
PASS_SYNCED_FULL_COVERAGE,Backlot_h3auto_s07_that_sounds_great_pairSCRAPE_t08_1056x608_00001_.mp4,1,86868.0,27.0,78.0,86790.0,1,86866.0,46.0,76.0,86790.0,0.0,0.0,27.0,0.0,27.0,0.0,media/final-sources/Backlot_h3auto_s07_that_sounds_great_pairSCRAPE_t08_1056x608_00001_.mp4
PASS_SYNCED_FULL_COVERAGE,ALPHA-T1_00056_.mp4,2,86895.0,17.0,0.0,86895.0,2,86895.0,87.0,0.0,86895.0,0.0,0.0,17.0,0.0,17.0,0.0,media/final-sources/ALPHA-T1_00056_.mp4
PASS_SYNCED_FULL_COVERAGE,Backlot_h3auto_s06_the_assailant_waist_down_pairSCRAPE_t10_1056x608_00001_.mp4,3,86912.0,27.0,53.0,86859.0,3,86865.0,166.0,6.0,86859.0,0.0,0.0,27.0,0.0,27.0,0.0,media/final-sources/Backlot_h3auto_s06_the_assailant_waist_down_pairSCRAPE_t10_1056x608_00001_.mp4
PASS_SYNCED_FULL_COVERAGE,Backlot_h3auto_s02_girl_in_the_rainy_lot_pairSLAM_t14_1056x608_00001_.mp4,1,86939.0,29.0,101.0,86838.0,1,86924.0,72.0,86.0,86838.0,0.0,0.0,29.0,0.0,29.0,0.0,media/final-sources/Backlot_h3auto_s02_girl_in_the_rainy_lot_pairSLAM_t14_1056x608_00001_.mp4
PASS_SYNCED_FULL_COVERAGE,Backlot_h3auto_s06_the_assailant_waist_down_pairSCRAPE_t10_1056x608_00001_.mp4,3,86968.0,24.0,109.0,86859.0,3,86865.0,166.0,6.0,86859.0,0.0,0.0,24.0,0.0,24.0,0.0,media/final-sources/Backlot_h3auto_s06_the_assailant_waist_down_pairSCRAPE_t10_1056x608_00001_.mp4
PASS_SYNCED_FULL_COVERAGE,ALPHA-T1_00056_.mp4,2,86992.0,22.0,17.0,86975.0,2,86982.0,56.0,7.0,86975.0,0.0,0.0,22.0,0.0,22.0,0.0,media/final-sources/ALPHA-T1_00056_.mp4
PASS_SYNCED_CROSSFADE_EDGE,Backlot_h3auto_s06_the_assailant_waist_down_pairSCRAPE_t10_1056x608_00001_.mp4,3,87014.0,20.0,155.0,86859.0,3,86865.0,166.0,6.0,86859.0,0.0,0.0,17.0,3.0,20.0,0.0,media/final-sources/Backlot_h3auto_s06_the_assailant_waist_down_pairSCRAPE_t10_1056x608_00001_.mp4
PASS_SYNCED_FULL_COVERAGE,Backlot_h3auto_s08_someone_please_t13_1280x704_00001_.mp4,3,87034.0,23.0,13.0,87021.0,3,87031.0,148.0,10.0,87021.0,0.0,0.0,23.0,0.0,23.0,0.0,media/final-sources/Backlot_h3auto_s08_someone_please_t13_1280x704_00001_.mp4
PASS_SYNCED_FULL_COVERAGE,Backlot_h3auto_s8.5_door_pounding_interior_foley_t07_1056x608_00001_.mp4,1,87057.0,12.0,62.0,86995.0,1,87051.0,26.0,56.0,86995.0,0.0,0.0,12.0,0.0,12.0,0.0,media/final-sources/Backlot_h3auto_s8.5_door_pounding_interior_foley_t07_1056x608_00001_.mp4
PASS_SYNCED_FULL_COVERAGE,Backlot_h3auto_s08_someone_please_t13_1280x704_00001_.mp4,3,87069.0,33.0,48.0,87021.0,3,87031.0,148.0,10.0,87021.0,0.0,0.0,33.0,0.0,33.0,0.0,media/final-sources/Backlot_h3auto_s08_someone_please_t13_1280x704_00001_.mp4
PASS_SYNCED_FULL_COVERAGE,Backlot_h3auto_s8.5_door_pounding_interior_foley_t07_1056x608_00001_.mp4,1,87102.0,11.0,109.0,86993.0,1,87099.0,49.0,106.0,86993.0,0.0,0.0,11.0,0.0,11.0,0.0,media/final-sources/Backlot_h3auto_s8.5_door_pounding_interior_foley_t07_1056x608_00001_.mp4
PASS_SYNCED_FULL_COVERAGE,Backlot_h3auto_s08_someone_please_t13_1280x704_00001_.mp4,3,87113.0,46.0,92.0,87021.0,3,87031.0,148.0,10.0,87021.0,0.0,0.0,46.0,0.0,46.0,0.0,media/final-sources/Backlot_h3auto_s08_someone_please_t13_1280x704_00001_.mp4
PASS_SYNCED_FULL_COVERAGE,Backlot_h3auto_s09_boots_in_the_rain_pairBOOTS_t10_1056x608_00001_.mp4,2,87159.0,22.0,17.0,87142.0,2,87142.0,49.0,0.0,87142.0,0.0,0.0,22.0,0.0,22.0,0.0,media/final-sources/Backlot_h3auto_s09_boots_in_the_rain_pairBOOTS_t10_1056x608_00001_.mp4
PASS_SYNCED_FULL_COVERAGE,Backlot_h3auto_s07_that_sounds_great_pairSCRAPE_t06_960x544_00001_.mp4,1,87181.0,20.0,145.0,87036.0,1,87148.0,79.0,112.0,87036.0,0.0,0.0,20.0,0.0,20.0,0.0,media/final-sources/Backlot_h3auto_s07_that_sounds_great_pairSCRAPE_t06_960x544_00001_.mp4
PASS_SYNCED_FULL_COVERAGE,Backlot_h3auto_s09_boots_in_the_rain_pairBOOTS_t10_1056x608_00001_.mp4,2,87201.0,26.0,39.0,87162.0,2,87191.0,46.0,29.0,87162.0,0.0,0.0,26.0,0.0,26.0,0.0,media/final-sources/Backlot_h3auto_s09_boots_in_the_rain_pairBOOTS_t10_1056x608_00001_.mp4
PASS_SYNCED_FULL_COVERAGE,Backlot_h3auto_s07_that_sounds_great_pairSCRAPE_t06_960x544_00001_.mp4,1,87227.0,20.0,165.0,87062.0,1,87227.0,61.0,165.0,87062.0,0.0,0.0,20.0,0.0,20.0,0.0,media/final-sources/Backlot_h3auto_s07_that_sounds_great_pairSCRAPE_t06_960x544_00001_.mp4
PASS_SYNCED_FULL_COVERAGE,Backlot_h3auto_s09_boots_in_the_rain_pairBOOTS_t10_1056x608_00001_.mp4,2,87247.0,26.0,65.0,87182.0,2,87237.0,67.0,55.0,87182.0,0.0,0.0,26.0,0.0,26.0,0.0,media/final-sources/Backlot_h3auto_s09_boots_in_the_rain_pairBOOTS_t10_1056x608_00001_.mp4
PASS_SYNCED_FULL_COVERAGE,Backlot_h3auto_s08_someone_please_t13_1280x704_00001_.mp4,3,87273.0,22.0,136.0,87137.0,3,87273.0,22.0,136.0,87137.0,0.0,0.0,22.0,0.0,22.0,0.0,media/final-sources/Backlot_h3auto_s08_someone_please_t13_1280x704_00001_.mp4
PASS_SYNCED_FULL_COVERAGE,ALPHA-T1_00042_.mp4,2,87319.0,61.0,17.0,87302.0,2,87304.0,107.0,2.0,87302.0,0.0,0.0,61.0,0.0,61.0,0.0,media/final-sources/ALPHA-T1_00042_.mp4
PASS_SYNCED_FULL_COVERAGE,Backlot_h3auto_s06_the_assailant_waist_down_pairSCRAPE_t10_1056x608_00001_.mp4,1,87380.0,19.0,122.0,87258.0,1,87329.0,94.0,71.0,87258.0,0.0,0.0,19.0,0.0,19.0,0.0,media/final-sources/Backlot_h3auto_s06_the_assailant_waist_down_pairSCRAPE_t10_1056x608_00001_.mp4
PASS_SYNCED_FULL_COVERAGE,ALPHA-T1_00043_.mp4,3,87411.0,16.0,66.0,87345.0,3,87399.0,104.0,54.0,87345.0,0.0,0.0,16.0,0.0,16.0,0.0,media/final-sources/ALPHA-T1_00043_.mp4
PASS_SYNCED_FULL_COVERAGE,Backlot_h3auto_s06_the_assailant_waist_down_pairSCRAPE_t10_1056x608_00001_.mp4,1,87427.0,24.0,140.0,87287.0,1,87423.0,33.0,136.0,87287.0,0.0,0.0,24.0,0.0,24.0,0.0,media/final-sources/Backlot_h3auto_s06_the_assailant_waist_down_pairSCRAPE_t10_1056x608_00001_.mp4
PASS_SYNCED_FULL_COVERAGE,ALPHA-T1_00007_.mp4,2,87463.0,37.0,0.0,87463.0,2,87463.0,99.0,0.0,87463.0,0.0,0.0,37.0,0.0,37.0,0.0,media/final-sources/ALPHA-T1_00007_.mp4
PASS_SYNCED_FULL_COVERAGE,Backlot_h3auto_s06_the_assailant_waist_down_pairSCRAPE_t10_1056x608_00001_.mp4,1,87500.0,35.0,140.0,87360.0,1,87456.0,79.0,96.0,87360.0,0.0,0.0,35.0,0.0,35.0,0.0,media/final-sources/Backlot_h3auto_s06_the_assailant_waist_down_pairSCRAPE_t10_1056x608_00001_.mp4
PASS_SYNCED_FULL_COVERAGE,Backlot_h3auto_s10a_let_me_in_exterior_pairPOUND_t12_1056x608_00001_.mp4,3,87535.0,10.0,15.0,87520.0,3,87520.0,121.0,0.0,87520.0,0.0,0.0,10.0,0.0,10.0,0.0,media/final-sources/Backlot_h3auto_s10a_let_me_in_exterior_pairPOUND_t12_1056x608_00001_.mp4
PASS_SYNCED_FULL_COVERAGE,Backlot_h3auto_s10b_the_ruined_take_interior_pairPOUND_t12_1056x608_00001_.mp4,1,87545.0,28.0,0.0,87545.0,1,87545.0,47.0,0.0,87545.0,0.0,0.0,28.0,0.0,28.0,0.0,media/final-sources/Backlot_h3auto_s10b_the_ruined_take_interior_pairPOUND_t12_1056x608_00001_.mp4
PASS_SYNCED_FULL_COVERAGE,Backlot_h3auto_s10a_let_me_in_exterior_pairPOUND_t12_1056x608_00001_.mp4,2,87573.0,30.0,15.0,87558.0,2,87562.0,56.0,4.0,87558.0,0.0,0.0,30.0,0.0,30.0,0.0,media/final-sources/Backlot_h3auto_s10a_let_me_in_exterior_pairPOUND_t12_1056x608_00001_.mp4
PASS_SYNCED_FULL_COVERAGE,Backlot_h3auto_s10b_the_ruined_take_interior_pairPOUND_t12_1056x608_00001_.mp4,1,87603.0,34.0,39.0,87564.0,1,87592.0,45.0,28.0,87564.0,0.0,0.0,34.0,0.0,34.0,0.0,media/final-sources/Backlot_h3auto_s10b_the_ruined_take_interior_pairPOUND_t12_1056x608_00001_.mp4
PASS_SYNCED_FULL_COVERAGE,Backlot_h3auto_s10a_let_me_in_exterior_pairPOUND_t12_1056x608_00001_.mp4,3,87641.0,41.0,65.0,87576.0,3,87641.0,110.0,65.0,87576.0,0.0,0.0,41.0,0.0,41.0,0.0,media/final-sources/Backlot_h3auto_s10a_let_me_in_exterior_pairPOUND_t12_1056x608_00001_.mp4
PASS_SYNCED_FULL_COVERAGE,Backlot_h3auto_s06_the_assailant_waist_down_pairSCRAPE_t10_1056x608_00001_.mp4,1,87682.0,13.0,136.0,87546.0,1,87682.0,19.0,136.0,87546.0,0.0,0.0,13.0,0.0,13.0,0.0,media/final-sources/Backlot_h3auto_s06_the_assailant_waist_down_pairSCRAPE_t10_1056x608_00001_.mp4
PASS_SYNCED_FULL_COVERAGE,Backlot_h3auto_s10a_let_me_in_exterior_pairPOUND_t11_1056x608_00001_.mp4,2,87695.0,13.0,134.0,87561.0,2,87691.0,30.0,130.0,87561.0,0.0,0.0,13.0,0.0,13.0,0.0,media/final-sources/Backlot_h3auto_s10a_let_me_in_exterior_pairPOUND_t11_1056x608_00001_.mp4
PASS_SYNCED_FULL_COVERAGE,Backlot_h3auto_s06_the_assailant_waist_down_pairSCRAPE_t10_1056x608_00001_.mp4,1,87708.0,13.0,162.0,87546.0,1,87701.0,20.0,155.0,87546.0,0.0,0.0,13.0,0.0,13.0,0.0,media/final-sources/Backlot_h3auto_s06_the_assailant_waist_down_pairSCRAPE_t10_1056x608_00001_.mp4
PASS_SYNCED_FULL_COVERAGE,Backlot_h3auto_s10a_let_me_in_exterior_pairPOUND_t12_1056x608_00001_.mp4,2,87721.0,18.0,86.0,87635.0,2,87721.0,43.0,86.0,87635.0,0.0,0.0,18.0,0.0,18.0,0.0,media/final-sources/Backlot_h3auto_s10a_let_me_in_exterior_pairPOUND_t12_1056x608_00001_.mp4
PASS_SYNCED_CROSSFADE_EDGE,Backlot_h3auto_s10b_the_ruined_take_interior_pairPOUND_t08_1056x608_00001_.mp4,1,87739.0,30.0,103.0,87636.0,1,87740.0,29.0,104.0,87636.0,0.0,0.0,29.0,1.0,30.0,0.0,media/final-sources/Backlot_h3auto_s10b_the_ruined_take_interior_pairPOUND_t08_1056x608_00001_.mp4
PASS_SYNCED_FULL_COVERAGE,Backlot_h3auto_s11_red_light_off_pairDOOR_t11_1056x608_00001_.mp4,3,87794.0,8.0,0.0,87794.0,3,87794.0,32.0,0.0,87794.0,0.0,0.0,8.0,0.0,8.0,0.0,media/final-sources/Backlot_h3auto_s11_red_light_off_pairDOOR_t11_1056x608_00001_.mp4
PASS_SYNCED_FULL_COVERAGE,Backlot_h3auto_s11_red_light_off_pairDOOR_t09_1056x608_00001_.mp4,1,87802.0,16.0,13.0,87789.0,1,87802.0,16.0,13.0,87789.0,0.0,0.0,16.0,0.0,16.0,0.0,media/final-sources/Backlot_h3auto_s11_red_light_off_pairDOOR_t09_1056x608_00001_.mp4
PASS_SYNCED_FULL_COVERAGE,Backlot_h3auto_s11_red_light_off_pairDOOR_t11_1056x608_00001_.mp4,3,87829.0,12.0,32.0,87797.0,3,87826.0,21.0,29.0,87797.0,0.0,0.0,12.0,0.0,12.0,0.0,media/final-sources/Backlot_h3auto_s11_red_light_off_pairDOOR_t11_1056x608_00001_.mp4
PASS_SYNCED_FULL_COVERAGE,Backlot_h3auto_s12_door_opens_exterior_bridge_exterior_pairFINALE_t21_1056x608_00001_.mp4,1,87841.0,9.0,6.0,87835.0,1,87835.0,17.0,0.0,87835.0,0.0,0.0,9.0,0.0,9.0,0.0,media/final-sources/Backlot_h3auto_s12_door_opens_exterior_bridge_exterior_pairFINALE_t21_1056x608_00001_.mp4
PASS_SYNCED_FULL_COVERAGE,Backlot_h3auto_s11_red_light_off_pairDOOR_t11_1056x608_00001_.mp4,3,87850.0,5.0,53.0,87797.0,3,87847.0,57.0,50.0,87797.0,0.0,0.0,5.0,0.0,5.0,0.0,media/final-sources/Backlot_h3auto_s11_red_light_off_pairDOOR_t11_1056x608_00001_.mp4
PASS_SYNCED_FULL_COVERAGE,Backlot_h3auto_s12_door_opens_exterior_bridge_exterior_pairFINALE_t21_1056x608_00001_.mp4,2,87855.0,12.0,17.0,87838.0,2,87847.0,31.0,9.0,87838.0,0.0,0.0,12.0,0.0,12.0,0.0,media/final-sources/Backlot_h3auto_s12_door_opens_exterior_bridge_exterior_pairFINALE_t21_1056x608_00001_.mp4
PASS_SYNCED_FULL_COVERAGE,ALPHA-T1_00060_.mp4,1,87867.0,28.0,9.0,87858.0,1,87858.0,57.0,0.0,87858.0,0.0,0.0,28.0,0.0,28.0,0.0,media/final-sources/ALPHA-T1_00060_.mp4
PASS_SYNCED_FULL_COVERAGE,ALPHA-T1_00033_.mp4,2,87907.0,84.0,56.0,87851.0,2,87878.0,199.0,27.0,87851.0,0.0,0.0,84.0,0.0,84.0,0.0,media/final-sources/ALPHA-T1_00033_.mp4
PASS_SYNCED_FULL_COVERAGE,Backlot_h3auto_s01_quiet_please_pairSLAM_t15_1280x704_00001_.mp4,3,87991.0,15.0,141.0,87850.0,3,87991.0,15.0,141.0,87850.0,0.0,0.0,15.0,0.0,15.0,0.0,media/final-sources/Backlot_h3auto_s01_quiet_please_pairSLAM_t15_1280x704_00001_.mp4
PASS_SYNCED_FULL_COVERAGE,ALPHA-T1_00079_.mp4,1,88006.0,105.0,15.0,87991.0,1,87991.0,124.0,0.0,87991.0,0.0,0.0,105.0,0.0,105.0,0.0,media/final-sources/ALPHA-T1_00079_.mp4
PASS_SYNCED_FULL_COVERAGE,ALPHA-T1_00089_.mp4,2,88111.0,123.0,22.0,88089.0,2,88089.0,145.0,0.0,88089.0,0.0,0.0,123.0,0.0,123.0,0.0,media/final-sources/ALPHA-T1_00089_.mp4
PASS_SYNCED_FULL_COVERAGE,ALPHA-T1_00087_.mp4,2,88234.0,132.0,5.0,88229.0,2,88234.0,132.0,5.0,88229.0,0.0,0.0,132.0,0.0,132.0,0.0,media/final-sources/ALPHA-T1_00087_.mp4
PASS_SYNCED_FULL_COVERAGE,ALPHA-T1_00093_.mp4,2,88366.0,149.0,30.0,88336.0,2,88366.0,149.0,30.0,88336.0,0.0,0.0,149.0,0.0,149.0,0.0,media/final-sources/ALPHA-T1_00093_.mp4
