path,kind,bytes,sha256,direct_workflow_count,direct_workflows,provenance,technical
assets/comfyui-input/Backlot Shadows Ending pt-1.wav,audio,1700488,7128804fabc7f6c4937d38adf15b5b7a85f00c3ffc263c859afb0350e99aef07,3,08-ALPHA-T1_00087_.api.json;09-ALPHA-T1_00089_.api.json;10-ALPHA-T1_00093_.api.json,Prepared segment of the project Suno-generated music guide,audio=pcm_s16le 48000Hz ch=2; duration=8.835s
assets/comfyui-input/Backlot Shadows Ending pt-2.wav,audio,1353488,cae82d4dfe05c7a200c8b2ffa7104edac6cc1e0189f4179b0313a3e48e8f5f2e,3,08-ALPHA-T1_00087_.api.json;09-ALPHA-T1_00089_.api.json;10-ALPHA-T1_00093_.api.json,Prepared segment of the project Suno-generated music guide,audio=pcm_s16le 48000Hz ch=2; duration=7.028s
assets/comfyui-input/Backlot Shadows Ending pt-3.wav,audio,1604468,fb6c758534c45a106064ba6b882f59b49f741f8eeb534d61d5acf7f09195cd28,1,10-ALPHA-T1_00093_.api.json,Prepared segment of the project Suno-generated music guide,audio=pcm_s16le 48000Hz ch=2; duration=8.335s
assets/comfyui-input/Backlot Shadows s12 long.wav,audio,2832668,83bda1c01600daf305bc7a7e59eca54e413edaedac3c98b3d1fad107ccd41e04,2,01-ALPHA-T1_00007_.api.json;02-ALPHA-T1_00033_.api.json,Prepared segment of the project Suno-generated music guide,audio=pcm_s16le 48000Hz ch=2; duration=14.732s
assets/comfyui-input/Backlot-card1.png,image,1681196,0f697dd37c99542f628ce48a1aef9a055ef3710753f2232dbecdaf4cd78ccd4d,3,08-ALPHA-T1_00087_.api.json;09-ALPHA-T1_00089_.api.json;10-ALPHA-T1_00093_.api.json,AI-generated or AI-restored project reference image,video=png 1672x941 fps=25/1
assets/comfyui-input/Backlot-card2.png,image,1640793,dfdf4eac258d30188c69b463c258998ab4b809f4add9ad819918c267eed72b0a,3,08-ALPHA-T1_00087_.api.json;09-ALPHA-T1_00089_.api.json;10-ALPHA-T1_00093_.api.json,AI-generated or AI-restored project reference image,video=png 1672x941 fps=25/1
assets/comfyui-input/backlot-shadows-s4.wav,audio,1733780,83fd9c8c21cc88c810fc489d05babbdf8cd751e333e2ee040e4c2fd11a8376ab,2,30-MiniMax_H3_00046_.api.json;31-MiniMax_H3_00054_.api.json,Prepared segment of the project Suno-generated music guide,audio=pcm_s16le 48000Hz ch=2; duration=9.009s
assets/comfyui-input/director-s10b-anchor-v1.wav,audio,192078,99a96337d177c27ab9a94026d9deb2cad59edb3f614ef2f634af43d5f839b62a,1,22-Backlot_h3auto_s10b_the_ruined_take_interior_pairPOUND_t08_1056x608_00001_.api.json,Voice anchor extracted from a project H3 native-audio take,audio=pcm_s16le 48000Hz ch=1; duration=2.000s
assets/comfyui-input/film-world-look-frame.png,image,1388665,b4df00c4b72050b3f80b4993747387babe3a0ea7ab478bb0a3ab8188f4950d8b,4,01-ALPHA-T1_00007_.api.json;03-ALPHA-T1_00042_.api.json;04-ALPHA-T1_00043_.api.json;27-Backlot_h3auto_s2.5_run_through_the_backlot_t03_1056x608_00001_.api.json,AI-generated or AI-restored project reference image,video=png 1456x816 fps=25/1
assets/comfyui-input/first-assistant-s01-i2v-t08-anchor-v2.wav,audio,147278,48d9f05d74cc7a7f0e293ced8f6ce655a3e9501fe25c473dc8ea5ce77c00cfb4,1,12-Backlot_h3auto_s01_quiet_please_pairSLAM_t14_1280x704_00001_.api.json,Voice anchor extracted from a project H3 native-audio take,audio=pcm_s16le 32000Hz ch=1; duration=2.300s
assets/comfyui-input/foley-lead-A-sheet.png,image,2094534,55e9e3075bedadc60ccacb6b06c966b90ff31559e8cebc636009aefd82f2767f,11,02-ALPHA-T1_00033_.api.json;06-ALPHA-T1_00060_.api.json;07-ALPHA-T1_00079_.api.json;11-ALPHA-T1_00111_.api.json;12-Backlot_h3auto_s01_quiet_please_pairSLAM_t14_1280x704_00001_.api.json;13-Backlot_h3auto_s01_quiet_please_pairSLAM_t15_1280x704_00001_.api.json;17-Backlot_h3auto_s07_that_sounds_great_pairSCRAPE_t08_1056x608_00001_.api.json;22-Backlot_h3auto_s10b_the_ruined_take_interior_pairPOUND_t08_1056x608_00001_.api.json;23-Backlot_h3auto_s10b_the_ruined_take_interior_pairPOUND_t12_1056x608_00001_.api.json;28-Backlot_h3auto_s8.5_door_pounding_interior_foley_t07_1056x608_00001_.api.json;31-MiniMax_H3_00054_.api.json,AI-generated or AI-restored project reference image,video=png 1660x948 fps=25/1
assets/comfyui-input/foley-lead-B-s07-anchor-v1.wav,audio,259278,b9675a28496c2c08c31a31676c00e870a84ada99b13988d8185e26dcdbababfd,1,17-Backlot_h3auto_s07_that_sounds_great_pairSCRAPE_t08_1056x608_00001_.api.json,Voice anchor extracted from a project H3 native-audio take,audio=pcm_s16le 48000Hz ch=1; duration=2.700s
assets/comfyui-input/foley-lead-B-sheet.png,image,2265441,01dce31b2ef5a6f2fe2e3cce034b8649e97e6f3756d109ea477be866906519cb,9,02-ALPHA-T1_00033_.api.json;05-ALPHA-T1_00056_.api.json;06-ALPHA-T1_00060_.api.json;07-ALPHA-T1_00079_.api.json;12-Backlot_h3auto_s01_quiet_please_pairSLAM_t14_1280x704_00001_.api.json;13-Backlot_h3auto_s01_quiet_please_pairSLAM_t15_1280x704_00001_.api.json;17-Backlot_h3auto_s07_that_sounds_great_pairSCRAPE_t08_1056x608_00001_.api.json;22-Backlot_h3auto_s10b_the_ruined_take_interior_pairPOUND_t08_1056x608_00001_.api.json;31-MiniMax_H3_00054_.api.json,AI-generated or AI-restored project reference image,video=png 1672x941 fps=25/1
assets/comfyui-input/foley-stage-door-exterior-spatial-lock-v2.png,image,1662859,b6a16e27dcfceecff541a8dab55bfc998c76012a652ffe9924dc9ae6eaf39bcf,1,24-Backlot_h3auto_s11_red_light_off_pairDOOR_t09_1056x608_00001_.api.json,AI-generated or AI-restored project reference image,video=png 1672x941 fps=25/1
assets/comfyui-input/foley-stage-door-exterior-spatial-lock-v3-correct-handedness.png,image,1570688,c41b2fff5ab6542431b9bd93709e92ae362036f72dbd56d7081bf5e71510e9cc,3,20-Backlot_h3auto_s10a_let_me_in_exterior_pairPOUND_t11_1056x608_00001_.api.json;21-Backlot_h3auto_s10a_let_me_in_exterior_pairPOUND_t12_1056x608_00001_.api.json;25-Backlot_h3auto_s11_red_light_off_pairDOOR_t11_1056x608_00001_.api.json,AI-generated or AI-restored project reference image,video=png 1672x941 fps=25/1
assets/comfyui-input/foley-stage-interior-master-v1.png,image,2333327,80b6127cde52a18b542ba1b0607a630a542b88ec3a62e3014d49ffd554dc4b11,9,06-ALPHA-T1_00060_.api.json;11-ALPHA-T1_00111_.api.json;12-Backlot_h3auto_s01_quiet_please_pairSLAM_t14_1280x704_00001_.api.json;13-Backlot_h3auto_s01_quiet_please_pairSLAM_t15_1280x704_00001_.api.json;17-Backlot_h3auto_s07_that_sounds_great_pairSCRAPE_t08_1056x608_00001_.api.json;22-Backlot_h3auto_s10b_the_ruined_take_interior_pairPOUND_t08_1056x608_00001_.api.json;23-Backlot_h3auto_s10b_the_ruined_take_interior_pairPOUND_t12_1056x608_00001_.api.json;28-Backlot_h3auto_s8.5_door_pounding_interior_foley_t07_1056x608_00001_.api.json;31-MiniMax_H3_00054_.api.json,AI-generated or AI-restored project reference image,video=png 1679x937 fps=25/1
assets/comfyui-input/foley-stage-interior-reverse-entrance-v1-candidate.png,image,2016525,483b60056d4889a91010d338487209768ff2058f20136bfd3cb19a7b835690bb,1,26-Backlot_h3auto_s12_door_opens_exterior_bridge_exterior_pairFINALE_t21_1056x608_00001_.api.json,AI-generated or AI-restored project reference image,video=png 1672x941 fps=25/1
assets/comfyui-input/h3flag_b8c1a7e0_s02_openframe.png,image,2399446,6569109bfd0cad06fa2dc90fdda71eaaaa71c64f4addb8415ab3e40cb9388a9b,2,14-Backlot_h3auto_s02_girl_in_the_rainy_lot_pairSLAM_t14_1056x608_00001_.api.json;15-Backlot_h3auto_s02_girl_in_the_rainy_lot_pairSLAM_t16_1280x704_00001_.api.json,AI-generated or AI-restored project reference image,video=png 1625x941 fps=25/1
assets/comfyui-input/h3overnight_s07_openframe.png,image,2267767,5afa659fb10e0850c9e4fcde8e28abf7037413a1ba4f67554766882aef30d9d6,2,17-Backlot_h3auto_s07_that_sounds_great_pairSCRAPE_t08_1056x608_00001_.api.json;29-Backlot_h3auto_s07_that_sounds_great_pairSCRAPE_t06_960x544_00001_.api.json,AI-generated or AI-restored project reference image,video=png 1672x941 fps=25/1
assets/comfyui-input/h3overnight_s10b_openframe.png,image,2306927,5897c4f9ff0c6a60d147943a842998b1f55cc516f4e4654c925750cba0c63dac,1,22-Backlot_h3auto_s10b_the_ruined_take_interior_pairPOUND_t08_1056x608_00001_.api.json,AI-generated or AI-restored project reference image,video=png 1672x941 fps=25/1
assets/comfyui-input/h3w4_actress_face_panel.png,image,3713626,fd2ad0b792c6628b0723b74fc29dbcfa3aca1c6dbb174e329c4564b5cc9663c8,2,03-ALPHA-T1_00042_.api.json;04-ALPHA-T1_00043_.api.json,AI-generated or AI-restored project reference image,video=png 1280x2160 fps=25/1
assets/comfyui-input/h3w4_actress_wardrobe_back_panel.png,image,3264814,174c2d47de54e307d4335d95cbd11607357c385ab9e04c60263657164393b062,2,03-ALPHA-T1_00042_.api.json;04-ALPHA-T1_00043_.api.json,AI-generated or AI-restored project reference image,video=png 1280x2160 fps=25/1
assets/comfyui-input/h3w4_actress_wardrobe_front_panel.png,image,2928072,5ce85d37adaaf1ded819dac374e2a999e99c61930e9cf989854d2656986d77e7,2,03-ALPHA-T1_00042_.api.json;04-ALPHA-T1_00043_.api.json,AI-generated or AI-restored project reference image,video=png 1280x2160 fps=25/1
assets/comfyui-input/heroine-s10a-i2v-t06-primary-anchor-v2.wav,audio,160078,cc255b462e60d098b53df9f523bbd5d0f0629aed4dad902ceb670dfb439b60e8,4,02-ALPHA-T1_00033_.api.json;07-ALPHA-T1_00079_.api.json;20-Backlot_h3auto_s10a_let_me_in_exterior_pairPOUND_t11_1056x608_00001_.api.json;21-Backlot_h3auto_s10a_let_me_in_exterior_pairPOUND_t12_1056x608_00001_.api.json,Voice anchor extracted from a project H3 native-audio take,audio=pcm_s16le 32000Hz ch=1; duration=2.500s
assets/comfyui-input/lead-actress-character-sheet.png,image,10791286,1891aa540dc6d3413f97147afb41846c589e21c6e3ed42cd6a08def8f123f7f0,13,02-ALPHA-T1_00033_.api.json;06-ALPHA-T1_00060_.api.json;07-ALPHA-T1_00079_.api.json;14-Backlot_h3auto_s02_girl_in_the_rainy_lot_pairSLAM_t14_1056x608_00001_.api.json;15-Backlot_h3auto_s02_girl_in_the_rainy_lot_pairSLAM_t16_1280x704_00001_.api.json;18-Backlot_h3auto_s08_someone_please_t13_1280x704_00001_.api.json;20-Backlot_h3auto_s10a_let_me_in_exterior_pairPOUND_t11_1056x608_00001_.api.json;21-Backlot_h3auto_s10a_let_me_in_exterior_pairPOUND_t12_1056x608_00001_.api.json;24-Backlot_h3auto_s11_red_light_off_pairDOOR_t09_1056x608_00001_.api.json;25-Backlot_h3auto_s11_red_light_off_pairDOOR_t11_1056x608_00001_.api.json;26-Backlot_h3auto_s12_door_opens_exterior_bridge_exterior_pairFINALE_t21_1056x608_00001_.api.json;27-Backlot_h3auto_s2.5_run_through_the_backlot_t03_1056x608_00001_.api.json;30-MiniMax_H3_00046_.api.json,AI-generated or AI-restored project reference image,video=png 3840x2160 fps=25/1
assets/comfyui-input/magnific_add-the-character-in-img2_hu5FyGWvqL.png,image,1614810,85e9c81e8abe47f516ec0a34502be8cbbdebf940dcb69aa092c9490902337734,1,07-ALPHA-T1_00079_.api.json,AI-generated or AI-restored project reference image,video=png 1376x768 fps=25/1
assets/comfyui-input/magnific_retouch_xSO16pAjfW.png,image,10298689,a104251a61f424b1c35b483f6b7243d2e287c614a1edc69ebb791b0ca6aa6c19,1,02-ALPHA-T1_00033_.api.json,AI-generated or AI-restored project reference image,video=png 2752x1536 fps=25/1
assets/comfyui-input/magnific_turn-the-woman-that-is-be_EbxkJCvuuO.png,image,6788062,fb7f179591b4b868ee0ab2d5276cda3d6b9743d996af42ab604d4991fc836c10,1,07-ALPHA-T1_00079_.api.json,AI-generated or AI-restored project reference image,video=png 2752x1536 fps=25/1
assets/comfyui-input/MiniMax_H3_00047_.mp4,video,756311,66fb3f951103e81361788ee592de57dd726e80886262381f1fb3b6af17d8dba1,1,31-MiniMax_H3_00054_.api.json,"Project H3 video used as a motion, continuation, or audio reference",video=h264 608x352 fps=24/1; audio=aac 32000Hz ch=2; duration=7.292s
assets/comfyui-input/MiniMax_H3_edge.mp4,video,2082245,346143fda33d8b2ed50337abfe18209dac92a96171ad51ce0b85f348fc4f092e,1,30-MiniMax_H3_00046_.api.json,FFmpeg edge-motion carrier derived from a project H3 video,video=h264 864x480 fps=24/1; audio=aac 32000Hz ch=2; duration=7.292s
assets/comfyui-input/monitor-operator-character-sheet.png,image,9946007,e2b9a212d15aa99647321efce81e59e545b83aebb8e2c7be365a056dedc567e7,7,02-ALPHA-T1_00033_.api.json;06-ALPHA-T1_00060_.api.json;07-ALPHA-T1_00079_.api.json;12-Backlot_h3auto_s01_quiet_please_pairSLAM_t14_1280x704_00001_.api.json;13-Backlot_h3auto_s01_quiet_please_pairSLAM_t15_1280x704_00001_.api.json;17-Backlot_h3auto_s07_that_sounds_great_pairSCRAPE_t08_1056x608_00001_.api.json;22-Backlot_h3auto_s10b_the_ruined_take_interior_pairPOUND_t08_1056x608_00001_.api.json,AI-generated or AI-restored project reference image,video=png 3840x2160 fps=25/1
assets/comfyui-input/monitor-operator-s07-anchor-v1.wav,audio,201678,7084192837571708e2811fb6615b4e5824232c6e3163190e7b90236ea95d6e6e,1,17-Backlot_h3auto_s07_that_sounds_great_pairSCRAPE_t08_1056x608_00001_.api.json,Voice anchor extracted from a project H3 native-audio take,audio=pcm_s16le 48000Hz ch=1; duration=2.100s
assets/comfyui-input/music-s02.wav,audio,1200172,f2b1855335bf53193f53444e7e4188a63b3834375a35dab9153914a2294bdd5f,2,14-Backlot_h3auto_s02_girl_in_the_rainy_lot_pairSLAM_t14_1056x608_00001_.api.json;27-Backlot_h3auto_s2.5_run_through_the_backlot_t03_1056x608_00001_.api.json,Prepared segment of the project Suno-generated music guide,audio=pcm_s16le 48000Hz ch=2; duration=6.250s
assets/comfyui-input/music-s06.wav,audio,1440172,82ef4f6eca37eed94e4b6bdf61bda24f30418704e7c1a71f41a3345317523265,1,16-Backlot_h3auto_s06_the_assailant_waist_down_pairSCRAPE_t10_1056x608_00001_.api.json,Prepared segment of the project Suno-generated music guide,audio=pcm_s16le 48000Hz ch=2; duration=7.500s
assets/comfyui-input/music-s08.wav,audio,1248172,8613e90ea882a6587d645cecdcae4b11bb58b14414d583f914fd94620f252040,1,18-Backlot_h3auto_s08_someone_please_t13_1280x704_00001_.api.json,Prepared segment of the project Suno-generated music guide,audio=pcm_s16le 48000Hz ch=2; duration=6.500s
assets/comfyui-input/music-s09.wav,audio,1056172,e3cef660dd7dfad70ca8fcbbca50dce4a6495f797a3929f04a4c69b894d1b509,2,07-ALPHA-T1_00079_.api.json;19-Backlot_h3auto_s09_boots_in_the_rain_pairBOOTS_t10_1056x608_00001_.api.json,Prepared segment of the project Suno-generated music guide,audio=pcm_s16le 48000Hz ch=2; duration=5.500s
assets/comfyui-input/music-s10a.wav,audio,1440172,92c6d228811088d7a818f024e09ca93f0602b4a12a2d6d605f35ffee184f755c,2,20-Backlot_h3auto_s10a_let_me_in_exterior_pairPOUND_t11_1056x608_00001_.api.json;21-Backlot_h3auto_s10a_let_me_in_exterior_pairPOUND_t12_1056x608_00001_.api.json,Prepared segment of the project Suno-generated music guide,audio=pcm_s16le 48000Hz ch=2; duration=7.500s
assets/comfyui-input/music-s11.wav,audio,816172,3fda264056ce14a9e036d25b175f3915165d719fbc9d976dbec63fb59e8239b0,2,24-Backlot_h3auto_s11_red_light_off_pairDOOR_t09_1056x608_00001_.api.json;25-Backlot_h3auto_s11_red_light_off_pairDOOR_t11_1056x608_00001_.api.json,Prepared segment of the project Suno-generated music guide,audio=pcm_s16le 48000Hz ch=2; duration=4.250s
assets/comfyui-input/music-s12-full-build.wav,audio,1440172,dd897f078fd2c567c7e0cb6ea954c1c2f09829e454c01adbb6d2350ce9456630,2,06-ALPHA-T1_00060_.api.json;26-Backlot_h3auto_s12_door_opens_exterior_bridge_exterior_pairFINALE_t21_1056x608_00001_.api.json,Prepared segment of the project Suno-generated music guide,audio=pcm_s16le 48000Hz ch=2; duration=7.500s
assets/comfyui-input/reference-img1 (1).png,image,11758061,4458267a92c122f034af91e78a30d723a266b23aa463a662ad445a869e5662be,1,07-ALPHA-T1_00079_.api.json,AI-generated or AI-restored project reference image,video=png 3840x2160 fps=25/1
assets/comfyui-input/s01-t13-first2p5-edge-hold3p042-audio.mp4,video,2767154,f38f54ce0e5b33bfc0cd40633c0091a089ad25d17c0aec9661474a76d68aef30,1,11-ALPHA-T1_00111_.api.json,FFmpeg edge-motion carrier derived from a project H3 video,video=h264 1056x608 fps=24/1; audio=aac 32000Hz ch=2; duration=3.042s
assets/comfyui-input/s01-t13-first3s-edge-motion-audio.mp4,video,2681906,66fc20c41b4e38dff9bc3a1225b153e7aa9ec1f3af12a97ac50985b9a2290f6e,1,13-Backlot_h3auto_s01_quiet_please_pairSLAM_t15_1280x704_00001_.api.json,FFmpeg edge-motion carrier derived from a project H3 video,video=h264 1056x608 fps=24/1; audio=aac 32000Hz ch=2; duration=3.008s
assets/comfyui-input/s02-primary-t12-full.wav,audio,841678,4b63594c3d445fa0bc7f895937b3a4c8b094ad2253f0d1d0ad09a0cd75e94fda,2,12-Backlot_h3auto_s01_quiet_please_pairSLAM_t14_1280x704_00001_.api.json;14-Backlot_h3auto_s02_girl_in_the_rainy_lot_pairSLAM_t14_1056x608_00001_.api.json,Sound/audio reference extracted or prepared from project-generated material,audio=pcm_s16le 32000Hz ch=2; duration=6.575s
assets/comfyui-input/s02-t12-first5s-edge-motion-audio.mp4,video,596249,dbdab84bb385e1d52133c70bf47b9aa55d271ac186442700e69a4b1210079831,1,15-Backlot_h3auto_s02_girl_in_the_rainy_lot_pairSLAM_t16_1280x704_00001_.api.json,FFmpeg edge-motion carrier derived from a project H3 video,video=h264 960x544 fps=24/1; audio=aac 32000Hz ch=2; duration=5.024s
assets/comfyui-input/s04-openframe-restored.jpg,image,8184165,82b0c4b09356edb097e4f5f1291bfad43202e615aaa74776842617759791f46d,1,30-MiniMax_H3_00046_.api.json,AI-generated or AI-restored project reference image,video=mjpeg 5504x3072 fps=25/1; duration=0.040s
assets/comfyui-input/s06-villain-waistdown-backlot-v1.png,image,2042605,6121690ae6b3bd9517df6c2d9e56f11f148b4809c77c4980454f95541670a534,1,16-Backlot_h3auto_s06_the_assailant_waist_down_pairSCRAPE_t10_1056x608_00001_.api.json,AI-generated or AI-restored project reference image,video=png 1672x941 fps=25/1
assets/comfyui-input/s08-scene-shop-source-rebuild-v1.png,image,2307627,f91735b696dffbe7a2467af60f5a65e0450bed53fed4902c2fffece0fda219b0,1,18-Backlot_h3auto_s08_someone_please_t13_1280x704_00001_.api.json,AI-generated or AI-restored project reference image,video=png 1672x941 fps=25/1
assets/comfyui-input/s08p5-t05-dry-three-impact.wav,audio,1262502,56275e4c6a29e0cd7cc52f486b1d80b2b8d3204162d0759804eb32dbe9e5dd90,1,28-Backlot_h3auto_s8.5_door_pounding_interior_foley_t07_1056x608_00001_.api.json,Sound/audio reference extracted or prepared from project-generated material,audio=pcm_s24le 32000Hz ch=2; duration=6.575s
assets/comfyui-input/s09-villain-rear-backlot-v1.png,image,2119467,99060c2882e1d6070405953f802203b964be3b4a9636415233cd2d1d77f0a9a6,1,19-Backlot_h3auto_s09_boots_in_the_rain_pairBOOTS_t10_1056x608_00001_.api.json,AI-generated or AI-restored project reference image,video=png 1676x939 fps=25/1
assets/comfyui-input/s10a-openframe-handle-light-right-v4-restored.png,image,8138088,12d493e065509a952ee67f3cc8bbb3876a36e8fa51929403081cee979d6943de,3,20-Backlot_h3auto_s10a_let_me_in_exterior_pairPOUND_t11_1056x608_00001_.api.json;21-Backlot_h3auto_s10a_let_me_in_exterior_pairPOUND_t12_1056x608_00001_.api.json;25-Backlot_h3auto_s11_red_light_off_pairDOOR_t11_1056x608_00001_.api.json,AI-generated or AI-restored project reference image,video=png 2752x1536 fps=25/1
assets/comfyui-input/s10a-t10-final-wide-continuation.mp4,video,1194719,7eb86eaf6b29397626e1c974ed6e05871b6d8f8b06f14e50c99e4b1e60fb9ce2,1,24-Backlot_h3auto_s11_red_light_off_pairDOOR_t09_1056x608_00001_.api.json,"Project H3 video used as a motion, continuation, or audio reference",video=h264 1056x608 fps=24/1; duration=2.875s
assets/comfyui-input/s12-interior-pre-entry-closed-v1.png,image,2236792,fb40e4f109936f654cc657faefa5f73a180dd9d729f9566f9e4fb290775668b1,1,06-ALPHA-T1_00060_.api.json,AI-generated or AI-restored project reference image,video=png 1672x941 fps=25/1
assets/comfyui-input/s12-openframe-closed-handle-grip-beacon-off-v10.png,image,1680257,7b34de122208bf1c8409b7b08e8980b615e329cc4efac96442a77729453d84c0,1,26-Backlot_h3auto_s12_door_opens_exterior_bridge_exterior_pairFINALE_t21_1056x608_00001_.api.json,AI-generated or AI-restored project reference image,video=png 1672x941 fps=25/1
assets/comfyui-input/scrape-1st.png,image,6686746,075b98a7e0164ee5b5a9461bc59edeea2c93d2bb7eb741cfe0b70f27b0f683e5,1,05-ALPHA-T1_00056_.api.json,AI-generated or AI-restored project reference image,video=png 1920x1080 fps=25/1
assets/comfyui-input/scrape-audio.mp3,audio,240960,6b6cb8c94b196f3f6f9b6f21181d4e5af01e703ea89c65fb8c83b514d4fe8f23,1,05-ALPHA-T1_00056_.api.json,Sound/audio reference extracted or prepared from project-generated material,audio=mp3 48000Hz ch=2; duration=6.024s
assets/comfyui-input/scrape-last.png,image,7309454,74982b44c57f3d22998e81bd729795a1662da088eeda6b009a3f97a0e9cf29ec,1,05-ALPHA-T1_00056_.api.json,AI-generated or AI-restored project reference image,video=png 1920x1080 fps=25/1
assets/comfyui-input/studio-operator-grayer-hair-sheet.png,image,2396994,276b9dc5705e1e91214ebd2748e78cf0f73111b0d81c97205803670eb7cd499b,8,02-ALPHA-T1_00033_.api.json;06-ALPHA-T1_00060_.api.json;07-ALPHA-T1_00079_.api.json;11-ALPHA-T1_00111_.api.json;12-Backlot_h3auto_s01_quiet_please_pairSLAM_t14_1280x704_00001_.api.json;13-Backlot_h3auto_s01_quiet_please_pairSLAM_t15_1280x704_00001_.api.json;17-Backlot_h3auto_s07_that_sounds_great_pairSCRAPE_t08_1056x608_00001_.api.json;22-Backlot_h3auto_s10b_the_ruined_take_interior_pairPOUND_t08_1056x608_00001_.api.json,AI-generated or AI-restored project reference image,video=png 1672x941 fps=25/1
assets/comfyui-input/villain-s09-opening-frame.png,image,9281861,a158439cfe3920bfa1a74803a419982e64e98d6b306ae4082e523ce4262d2992,2,16-Backlot_h3auto_s06_the_assailant_waist_down_pairSCRAPE_t10_1056x608_00001_.api.json;19-Backlot_h3auto_s09_boots_in_the_rain_pairBOOTS_t10_1056x608_00001_.api.json,AI-generated or AI-restored project reference image,video=png 2912x1632 fps=25/1
