index,path,video_occurrences,audio_occurrences,workflow_format,api_workflow,ui_workflow,prompt,bytes,sha256,original_embedded_source_sha256,technical
1,media/final-sources/ALPHA-T1_00007_.mp4,1,1,ui+api,workflows/final-sources/workflows/api/01-ALPHA-T1_00007_.api.json,workflows/final-sources/workflows/ui/01-ALPHA-T1_00007_.workflow.json,workflows/final-sources/prompts/01-ALPHA-T1_00007_.txt,1717124,a29256c26c9c65ff259db7d7533675607938e84e5066aef28bb4bb2f97422e7d,829c41e1c4d09a4e9b19e09835ac53a692235f0b69e955bb8af12a8bef51ec3d,video=h264 1376x768 fps=24/1; audio=aac 32000Hz ch=2; duration=4.458s
2,media/final-sources/ALPHA-T1_00033_.mp4,1,1,ui+api,workflows/final-sources/workflows/api/02-ALPHA-T1_00033_.api.json,workflows/final-sources/workflows/ui/02-ALPHA-T1_00033_.workflow.json,workflows/final-sources/prompts/02-ALPHA-T1_00033_.txt,3092290,def4f850713a2d5f3339dfad347a8bd908bd73fd5c3cd47c01ec98602279c5f5,322242a91479041c3c802f2c0046efca2ae8d5dc1cb152e2ea5086ea1b15e059,video=h264 1056x608 fps=24/1; audio=aac 32000Hz ch=2; duration=9.417s
3,media/final-sources/ALPHA-T1_00042_.mp4,1,1,ui+api,workflows/final-sources/workflows/api/03-ALPHA-T1_00042_.api.json,workflows/final-sources/workflows/ui/03-ALPHA-T1_00042_.workflow.json,workflows/final-sources/prompts/03-ALPHA-T1_00042_.txt,1345127,5e6cb535b6a6b76c3612debfdc2ae047dccd1995113cc985fa2d3edc390e9a54,88d5642bcfbf7fb95e9c1768145394a6c7bc5ce9af06cfe886d2da80d0e0f345,video=h264 1056x608 fps=24/1; audio=aac 32000Hz ch=2; duration=6.583s
4,media/final-sources/ALPHA-T1_00043_.mp4,1,1,ui+api,workflows/final-sources/workflows/api/04-ALPHA-T1_00043_.api.json,workflows/final-sources/workflows/ui/04-ALPHA-T1_00043_.workflow.json,workflows/final-sources/prompts/04-ALPHA-T1_00043_.txt,2215520,a3bb84f2a76b8043eb3696284cba12a69c022708a3b7b9706c85cd83402f0a55,b8512586bb87bd1844035f4b59cfcd7b9b6596071f60d050ddead6a56c159a5b,video=h264 1056x608 fps=24/1; audio=aac 32000Hz ch=2; duration=6.583s
5,media/final-sources/ALPHA-T1_00056_.mp4,2,2,ui+api,workflows/final-sources/workflows/api/05-ALPHA-T1_00056_.api.json,workflows/final-sources/workflows/ui/05-ALPHA-T1_00056_.workflow.json,workflows/final-sources/prompts/05-ALPHA-T1_00056_.txt,1016021,d0a29d457e303a75e42a537d0fdd44d6538bb00bdbf028bb29d3cefdc9fd375c,1d844efd00205117e08164ddf5e717e64681c4e72067b4641c1d5399539d53b4,video=h264 1216x672 fps=24/1; audio=aac 32000Hz ch=2; duration=6.583s
6,media/final-sources/ALPHA-T1_00060_.mp4,1,1,ui+api,workflows/final-sources/workflows/api/06-ALPHA-T1_00060_.api.json,workflows/final-sources/workflows/ui/06-ALPHA-T1_00060_.workflow.json,workflows/final-sources/prompts/06-ALPHA-T1_00060_.txt,934825,2b36222a4f0e7cb413226ee8f1e39708986b3f9ade0f26bff2a34f18076d19de,7377b77129ec0f93b144058efe4d1ffcecc47cc848ecb3aaf298f4b00b4ad8d4,video=h264 1216x672 fps=24/1; audio=aac 32000Hz ch=2; duration=5.167s
7,media/final-sources/ALPHA-T1_00079_.mp4,1,1,ui+api,workflows/final-sources/workflows/api/07-ALPHA-T1_00079_.api.json,workflows/final-sources/workflows/ui/07-ALPHA-T1_00079_.workflow.json,workflows/final-sources/prompts/07-ALPHA-T1_00079_.txt,1889137,0a7a7b17512b08280fee541fa4d000823652f1fff641a2da810349c04ecf70c9,0340286a2a9e2792a4d04c746f8f3743ee34130fd7aa6f4b3275164b370e097d,video=h264 1056x608 fps=24/1; audio=aac 32000Hz ch=2; duration=5.167s
8,media/final-sources/ALPHA-T1_00087_.mp4,1,1,ui+api,workflows/final-sources/workflows/api/08-ALPHA-T1_00087_.api.json,workflows/final-sources/workflows/ui/08-ALPHA-T1_00087_.workflow.json,workflows/final-sources/prompts/08-ALPHA-T1_00087_.txt,814426,a68e3f2fe54967e9f38ce112e193c914590c45c3081cb62a8caa42f47ddd9006,0f527e82cb9a0523799647f57eb1fcbfee05d6212d4ad618e28d079a5fe0eb93,video=h264 1216x672 fps=24/1; audio=aac 32000Hz ch=2; duration=6.583s
9,media/final-sources/ALPHA-T1_00089_.mp4,1,1,ui+api,workflows/final-sources/workflows/api/09-ALPHA-T1_00089_.api.json,workflows/final-sources/workflows/ui/09-ALPHA-T1_00089_.workflow.json,workflows/final-sources/prompts/09-ALPHA-T1_00089_.txt,976540,088187daeb983c8e402fdecd978e4361e065f202dfe27a914ead354a48ed7340,86e89db97fb9bead478f0422a9f9f161ba33a7070b451d6a75f85cada2f7c929,video=h264 1216x672 fps=24/1; audio=aac 32000Hz ch=2; duration=6.583s
10,media/final-sources/ALPHA-T1_00093_.mp4,1,1,ui+api,workflows/final-sources/workflows/api/10-ALPHA-T1_00093_.api.json,workflows/final-sources/workflows/ui/10-ALPHA-T1_00093_.workflow.json,workflows/final-sources/prompts/10-ALPHA-T1_00093_.txt,1321122,ac46cc72a19167bf43ac955bd08f54949f71e51e8c5a7492dcc26393ad5a645c,08a637fe001192c8dc758d6bd9a102257a9ae348aca27838509c283b8c5fba1d,video=h264 1216x672 fps=24/1; audio=aac 32000Hz ch=2; duration=8.000s
11,media/final-sources/ALPHA-T1_00111_.mp4,1,1,ui+api,workflows/final-sources/workflows/api/11-ALPHA-T1_00111_.api.json,workflows/final-sources/workflows/ui/11-ALPHA-T1_00111_.workflow.json,workflows/final-sources/prompts/11-ALPHA-T1_00111_.txt,501571,bdd1f9904e54a06398f053d55be369ad36595bb85efc403def621c003f2f4a54,00b28aed67ba70855f1b0144ccc1b0224001a8a88c809424a5d6445ff16510e7,video=h264 1056x608 fps=24/1; audio=aac 32000Hz ch=2; duration=3.042s
12,media/final-sources/Backlot_h3auto_s01_quiet_please_pairSLAM_t14_1280x704_00001_.mp4,1,1,api-only,workflows/final-sources/workflows/api/12-Backlot_h3auto_s01_quiet_please_pairSLAM_t14_1280x704_00001_.api.json,,workflows/final-sources/prompts/12-Backlot_h3auto_s01_quiet_please_pairSLAM_t14_1280x704_00001_.txt,1492392,60fca3be254c7e49e54eaa8fbf2429b3368042a835c9064648413aa2f6c2182c,3e9db24a29358e84206b34888126219400b020f94e854a5a0ff40be7bdf00e62,video=h264 1280x704 fps=24/1; audio=aac 32000Hz ch=2; duration=7.292s
13,media/final-sources/Backlot_h3auto_s01_quiet_please_pairSLAM_t15_1280x704_00001_.mp4,1,1,api-only,workflows/final-sources/workflows/api/13-Backlot_h3auto_s01_quiet_please_pairSLAM_t15_1280x704_00001_.api.json,,workflows/final-sources/prompts/13-Backlot_h3auto_s01_quiet_please_pairSLAM_t15_1280x704_00001_.txt,1904611,b59e1bc5f2d2c855dbdd9df2cd440736ed6ef094fa453e8885af0c0f51d7e6dc,307160ef476d0b462143f90a44ee292755162c028a8e5ba2e46d5c4c1f4f0a34,video=h264 1280x704 fps=24/1; audio=aac 32000Hz ch=2; duration=7.292s
14,media/final-sources/Backlot_h3auto_s02_girl_in_the_rainy_lot_pairSLAM_t14_1056x608_00001_.mp4,1,1,api-only,workflows/final-sources/workflows/api/14-Backlot_h3auto_s02_girl_in_the_rainy_lot_pairSLAM_t14_1056x608_00001_.api.json,,workflows/final-sources/prompts/14-Backlot_h3auto_s02_girl_in_the_rainy_lot_pairSLAM_t14_1056x608_00001_.txt,1855492,c198ec1390307660ec98bb74b1d04340cbcfda2746df260a7aa4d7235e0ffa3c,3cc2b6993925b392ec5f9e6cd07278e1d2a9e9b6011d9ce3b952c6fa8331a2e3,video=h264 1056x608 fps=24/1; audio=aac 32000Hz ch=2; duration=6.583s
15,media/final-sources/Backlot_h3auto_s02_girl_in_the_rainy_lot_pairSLAM_t16_1280x704_00001_.mp4,3,3,api-only,workflows/final-sources/workflows/api/15-Backlot_h3auto_s02_girl_in_the_rainy_lot_pairSLAM_t16_1280x704_00001_.api.json,,workflows/final-sources/prompts/15-Backlot_h3auto_s02_girl_in_the_rainy_lot_pairSLAM_t16_1280x704_00001_.txt,1248672,7934b26207327e25197a771af4ceccbcd640450cca417ec3edf0bf653a43eefa,3e7768dc4a493812bd7cad0e66dddede226085c8547ec7e3ab54b1951dd48e70,video=h264 1280x704 fps=24/1; audio=aac 32000Hz ch=2; duration=5.167s
16,media/final-sources/Backlot_h3auto_s06_the_assailant_waist_down_pairSCRAPE_t10_1056x608_00001_.mp4,8,6,api-only,workflows/final-sources/workflows/api/16-Backlot_h3auto_s06_the_assailant_waist_down_pairSCRAPE_t10_1056x608_00001_.api.json,,workflows/final-sources/prompts/16-Backlot_h3auto_s06_the_assailant_waist_down_pairSCRAPE_t10_1056x608_00001_.txt,1743814,1796fc8b4e24ea302f0ba29e5dd06bf9ebf0bb03fb9f571e25f982dff3e89a8b,b3915d84e880a66ec2997a61e222d00c7d4cec401c8a97754aab0f83e7f34fca,video=h264 1056x608 fps=24/1; audio=aac 32000Hz ch=2; duration=7.292s
17,media/final-sources/Backlot_h3auto_s07_that_sounds_great_pairSCRAPE_t08_1056x608_00001_.mp4,1,1,api-only,workflows/final-sources/workflows/api/17-Backlot_h3auto_s07_that_sounds_great_pairSCRAPE_t08_1056x608_00001_.api.json,,workflows/final-sources/prompts/17-Backlot_h3auto_s07_that_sounds_great_pairSCRAPE_t08_1056x608_00001_.txt,2228273,2dbd99de94da5714b40f61848a276ea739ff6175d565ea13fe18a9f74189f3a7,eb01d1a269a0025a387cce1dfec2aa8fa6cb3e79679263588c1c7d5ede44b4e6,video=h264 1056x608 fps=24/1; audio=aac 32000Hz ch=2; duration=9.417s
18,media/final-sources/Backlot_h3auto_s08_someone_please_t13_1280x704_00001_.mp4,4,2,api-only,workflows/final-sources/workflows/api/18-Backlot_h3auto_s08_someone_please_t13_1280x704_00001_.api.json,,workflows/final-sources/prompts/18-Backlot_h3auto_s08_someone_please_t13_1280x704_00001_.txt,2323146,68c7cdd5b1fc0d4a0ea8e2627c80806f4d5ff064df71a14bf4995d29c79d116d,ebdcc68cfecb8edc2a92334c5a9750518344ec1ff2650531e32451d010c3582b,video=h264 1280x704 fps=24/1; audio=aac 32000Hz ch=2; duration=6.583s
19,media/final-sources/Backlot_h3auto_s09_boots_in_the_rain_pairBOOTS_t10_1056x608_00001_.mp4,3,3,api-only,workflows/final-sources/workflows/api/19-Backlot_h3auto_s09_boots_in_the_rain_pairBOOTS_t10_1056x608_00001_.api.json,,workflows/final-sources/prompts/19-Backlot_h3auto_s09_boots_in_the_rain_pairBOOTS_t10_1056x608_00001_.txt,1028948,b9a6aa93b6ff70492ac6a7034b255840ded83c78dd1e255140cd822bf3446d34,8f39a1dfd6d58d88aca85d2c93670a6baaec34c96c3592982ca23bf57a2439d2,video=h264 1056x608 fps=24/1; audio=aac 32000Hz ch=2; duration=5.167s
20,media/final-sources/Backlot_h3auto_s10a_let_me_in_exterior_pairPOUND_t11_1056x608_00001_.mp4,1,1,api-only,workflows/final-sources/workflows/api/20-Backlot_h3auto_s10a_let_me_in_exterior_pairPOUND_t11_1056x608_00001_.api.json,,workflows/final-sources/prompts/20-Backlot_h3auto_s10a_let_me_in_exterior_pairPOUND_t11_1056x608_00001_.txt,959125,5ab5435e65cfb9e2f9410b7acce7306d6a1b9713a5ce480ecfc6db56c33aeea2,ed203c54c33bdcdd2f410d5b46ff8555aea7af18fa13f90cd9d8f650544f61a9,video=h264 1056x608 fps=24/1; audio=aac 32000Hz ch=2; duration=7.292s
21,media/final-sources/Backlot_h3auto_s10a_let_me_in_exterior_pairPOUND_t12_1056x608_00001_.mp4,4,4,api-only,workflows/final-sources/workflows/api/21-Backlot_h3auto_s10a_let_me_in_exterior_pairPOUND_t12_1056x608_00001_.api.json,,workflows/final-sources/prompts/21-Backlot_h3auto_s10a_let_me_in_exterior_pairPOUND_t12_1056x608_00001_.txt,870334,c7d69f1f48c84a0dd309591278f22d22de17bfa086743fdaa54c821d845bf01e,8c4e53afc99e9cd79d1fd5c99b13d451536715f6cfe3e25514832b05e9affbc2,video=h264 1056x608 fps=24/1; audio=aac 32000Hz ch=2; duration=7.292s
22,media/final-sources/Backlot_h3auto_s10b_the_ruined_take_interior_pairPOUND_t08_1056x608_00001_.mp4,1,1,api-only,workflows/final-sources/workflows/api/22-Backlot_h3auto_s10b_the_ruined_take_interior_pairPOUND_t08_1056x608_00001_.api.json,,workflows/final-sources/prompts/22-Backlot_h3auto_s10b_the_ruined_take_interior_pairPOUND_t08_1056x608_00001_.txt,1574123,9d151c1f2c97aba1c548bf9c24ae4aebadbf9006afca47704073a4075abde4e0,cf66c11958d662003b36095dc4f40aaaad234afd5e0a30b3c9107dae34bf1f26,video=h264 1056x608 fps=24/1; audio=aac 32000Hz ch=2; duration=7.292s
23,media/final-sources/Backlot_h3auto_s10b_the_ruined_take_interior_pairPOUND_t12_1056x608_00001_.mp4,2,2,api-only,workflows/final-sources/workflows/api/23-Backlot_h3auto_s10b_the_ruined_take_interior_pairPOUND_t12_1056x608_00001_.api.json,,workflows/final-sources/prompts/23-Backlot_h3auto_s10b_the_ruined_take_interior_pairPOUND_t12_1056x608_00001_.txt,420980,6adfac06e7437d361707420c34d7a36ea71c33575ca4909a00aa5b004148b5d2,971885792a868dd2a1b70dae109c35e541e7a8c5219c74566336bac927d31f70,video=h264 1056x608 fps=24/1; audio=aac 32000Hz ch=2; duration=3.042s
24,media/final-sources/Backlot_h3auto_s11_red_light_off_pairDOOR_t09_1056x608_00001_.mp4,1,1,api-only,workflows/final-sources/workflows/api/24-Backlot_h3auto_s11_red_light_off_pairDOOR_t09_1056x608_00001_.api.json,,workflows/final-sources/prompts/24-Backlot_h3auto_s11_red_light_off_pairDOOR_t09_1056x608_00001_.txt,581468,0b4f70277cadb492287aaf70e54cef68ce02aef67d44cc0b130aa2f7574091e4,de5305fe84797a9e541988850c42eb276103ff03c308da24aa9d312dfe2a84f3,video=h264 1056x608 fps=24/1; audio=aac 32000Hz ch=2; duration=4.458s
25,media/final-sources/Backlot_h3auto_s11_red_light_off_pairDOOR_t11_1056x608_00001_.mp4,3,3,api-only,workflows/final-sources/workflows/api/25-Backlot_h3auto_s11_red_light_off_pairDOOR_t11_1056x608_00001_.api.json,,workflows/final-sources/prompts/25-Backlot_h3auto_s11_red_light_off_pairDOOR_t11_1056x608_00001_.txt,506356,ac553af9f5ad46b17cb1f2d34166887c2c773ee2204f4090b74422453d536c33,8919bd52c8d0626114c8efb712eedbec8da87a5fa7d4863c447105298c284a2d,video=h264 1056x608 fps=24/1; audio=aac 32000Hz ch=2; duration=4.458s
26,media/final-sources/Backlot_h3auto_s12_door_opens_exterior_bridge_exterior_pairFINALE_t21_1056x608_00001_.mp4,2,2,api-only,workflows/final-sources/workflows/api/26-Backlot_h3auto_s12_door_opens_exterior_bridge_exterior_pairFINALE_t21_1056x608_00001_.api.json,,workflows/final-sources/prompts/26-Backlot_h3auto_s12_door_opens_exterior_bridge_exterior_pairFINALE_t21_1056x608_00001_.txt,579453,9320066f562e8ce515fa55c6c1168d26d9341cd5906b3dddbb7b72bf6aa9c946,686278ce45244c527b41d9d2f32b9f2235c6b72af1e9415311efca31fa86925c,video=h264 1056x608 fps=24/1; audio=aac 32000Hz ch=2; duration=3.042s
27,media/final-sources/Backlot_h3auto_s2.5_run_through_the_backlot_t03_1056x608_00001_.mp4,2,1,api-only,workflows/final-sources/workflows/api/27-Backlot_h3auto_s2.5_run_through_the_backlot_t03_1056x608_00001_.api.json,,workflows/final-sources/prompts/27-Backlot_h3auto_s2.5_run_through_the_backlot_t03_1056x608_00001_.txt,1662353,25fde6f9302ab65801854a432b8ac395dfe2f93aa28aa95fe63b8bba3e4161f2,985f91f9fb5fa976757a9818585de24d1020a24dfd84cc421cf04070148440c0,video=h264 1056x608 fps=24/1; audio=aac 32000Hz ch=2; duration=7.292s
28,media/final-sources/Backlot_h3auto_s8.5_door_pounding_interior_foley_t07_1056x608_00001_.mp4,2,2,api-only,workflows/final-sources/workflows/api/28-Backlot_h3auto_s8.5_door_pounding_interior_foley_t07_1056x608_00001_.api.json,,workflows/final-sources/prompts/28-Backlot_h3auto_s8.5_door_pounding_interior_foley_t07_1056x608_00001_.txt,1154338,020613f189df89752e7bdd9dd094b5990f6b4dce3edc0a25f3a7f8c034b3955c,dda4195474d5140bc22befab2bcaa28ae4362c78e908ff87c5f66295b09827aa,video=h264 1056x608 fps=24/1; audio=aac 32000Hz ch=2; duration=6.583s
29,media/final-sources/Backlot_h3auto_s07_that_sounds_great_pairSCRAPE_t06_960x544_00001_.mp4,3,3,api-only,workflows/final-sources/workflows/api/29-Backlot_h3auto_s07_that_sounds_great_pairSCRAPE_t06_960x544_00001_.api.json,,workflows/final-sources/prompts/29-Backlot_h3auto_s07_that_sounds_great_pairSCRAPE_t06_960x544_00001_.txt,1764561,d7deb5f78e6b21aa77be0eeb40dd5575f164b8fa44dc3657c2246b82eff9147f,51955bbba47bf0b86063a31c48e8dac1627574795eb732045cbe54741414bc50,video=h264 960x544 fps=24/1; audio=aac 32000Hz ch=2; duration=9.417s
30,media/final-sources/MiniMax_H3_00046_.mp4,3,1,ui+api,workflows/final-sources/workflows/api/30-MiniMax_H3_00046_.api.json,workflows/final-sources/workflows/ui/30-MiniMax_H3_00046_.workflow.json,workflows/final-sources/prompts/30-MiniMax_H3_00046_.txt,1710079,3165ece74ff27d3dabd8749c259f34313d77007446c2cbf35562fbd20eacaed2,7acbd8841f13a62bc620f125fd07a1a9a29a784d1f4683bc2b94913567f1cef1,video=h264 1056x608 fps=24/1; audio=aac 32000Hz ch=2; duration=7.292s
31,media/final-sources/MiniMax_H3_00054_.mp4,4,4,ui+api,workflows/final-sources/workflows/api/31-MiniMax_H3_00054_.api.json,workflows/final-sources/workflows/ui/31-MiniMax_H3_00054_.workflow.json,workflows/final-sources/prompts/31-MiniMax_H3_00054_.txt,2169422,afb68f6597eaa7ca0316e4f9fe846b1536209ee7b0a081125878696b9301062d,a22f66a123447184c04b927b7e549ba661ae127a5f6d2aed92ef0f9601b58823,video=h264 1280x736 fps=24/1; audio=aac 32000Hz ch=2; duration=7.292s
